original_word,replace
0,0
1,1
2,2
3,3
3,3
4,4
5,5
5,5
6,6
7,7
8,8
9,9
10,10
11,11
12,12
13,13
14,14
15,15
16,16
17,17
18,18
19,19
20,20
21,21
22,22
23,23
24,24
25,25
26,26
27,27
28,28
29,29
30,30
31,31
32,32
33,33
34,34
35,35
36,36
37,37
38,38
39,39
40,40
41,41
43,43
44,44
45,45
48,48
50,50
52,52
53,53
55,55
56,56
60,60
61,61
63,63
65,65
70,70
75,75
79,79
80,80
90,90
91,91
94,94
95,95
97,97
98,98
99,99
100,100
110,110
125,125
130,130
140,140
150,150
160,160
170,170
190,190
195,195
200,200
225,225
250,250
280,280
300,300
310,310
350,350
360,360
375,375
400,400
450,450
500,500
540,540
550,550
600,600
625,625
640,640
700,700
750,750
800,800
850,850
900,900
1000,1000
1600,1600
2000,2000
2004,2004
2005,2005
2008,2008
2010,2010
2011,2011
2017,2017
2018,2018
2019,2019
2020,2020
2021,2021
2022,2022
2023,2023
2024,2024
2025,2025
2026,2026
2030,2030
2100,2100
2700,2700
4000,4000
4600,4600
4800,4800
5000,5000
7000,7000
9500,9500
11500,11500
ade,adik
adek,adik
adeku,adik
adeknya,adik dia
adekmu,adik kamu
adimu,adik kamu
adekku,adik saya
adiku,adik saya
admin,admin
ngadu,adu
ngajak,ajak
ngajakin,ajak
ngajarin,ajar
ahir,akhir
ahirnya,akhir
akhrnya,akhir
akte,akte
ak,aku
akuu,aku
aq,aku
gw,aku
qu,aku
ngalamin,alami
alesan,alasan
alesannya,alasan
alm,almarhum
ngambek,amber
ngambil,ambil
aamiin,amin
ngamuk,amuk
ngamuknya,amuk
anakny,anak
ank,anak
ankku,anak
anknya,anak
bocil,anak
ancem,ancam
ngancam,ancam
ngancem,ancam
ngandelin,andal
anggep,anggap
budget,anggaran
budgetnya,anggaran
nganggur,anggur
nganggurnya,anggur
anter,antar
anterin,antar
nganter,antar
nganterin,antar
ngantuk,antuk
apkh,apa
ngapain,apa
apalgi,apa lagi
astaghfirullah,astaga
ato,atau
atw,atau
atm,atm
ngatur,atur
ngaturnya,atur
gimana,bagaimana
gimananya,bagaimana
gimanapun,bagaimana
gimna,bagaimana
gmn,bagaimana
gmna,bagaimana
gmnapun,bagaimana
bgi,bagi
bgiku,bagi
bhkan,bahkan
bhkn,bahkan
bales,balas
balesnya,balas
bls,balas
dibales,balas
balikin,balik
blik,balik
balita,balita
balitaku,balita
bangettt,banget
bgt,banget
bgtt,banget
bnget,banget
bngt,banget
bngtt,banget
bantuin,bantu
bntu,bantu
bntuin,bantu
bntulah,bantu
bnyak,banyak
bnyk,banyak
byk,banyak
bp,bapak
bpa,bapak
bpaku,bapak
bpk,bapak
bpku,bapak
bpknya,bapak dia
bpkmu,bapak kamu
bpkku,bapak saya
breng,bareng
bru,baru
bawain,bawa
bwa,bawa
bayangin,bayang
bayarin,bayar
byar,bayar
byr,bayar
baby,bayi
newborn,bayi
toddler,bayi
bgini,begini
bgtu,begitu
gt,begitu
gtu,begitu
segitu,begitu
segitunya,begitu
ngebela,bela
blnja,belanja
blnjanya,belanja
beliin,beli
bli,beli
dibeliin,beli
blm,belum
blom,belum
blum,belum
bener,benar
beneran,benar
benerin,benar
benerinnya,benar
bner,benar
bnr,benar
sbnr,benar
sbnrnya,benar
sebener,benar
sebenernya,benar
bntr,bentar
bbrp,berapa
bbrpa,berapa
brp,berapa
brpa,berapa
brpapun,berapa
bb,berat badan
bri,beri
biarin,biar
biayain,biaya
biyaya,biaya
bibik,bibi
bibiknya,bibi
bikinin,bikin
bkin,bikin
bilangin,bilang
bilanginnya,bilang
bilg,bilang
bilng,bilang
bilngnya,bilang
blang,bilang
blg,bilang
binggung,bingung
bngung,bingung
bs,bisa
bsa,bisa
bodo,bodoh
ball,bola
blh,boleh
bumer,boomer
bosen,bosan
bpjs,bpjs
bucin,budak cinta
bkn,bukan
bln,bulan
buln,bulan
bulnnya,bulan
bnda,bunda
bund,bunda
kbutuhan,butuh
sc,caesar
cpek,capek
cariin,cari
cri,cari
cepet,cepat
ceritain,cerita
crita,cerita
critanya,cerita
crta,cerita
sharing,cerita
chat,chat
chatan,chat
chatnya,chat
nyicil,cicil
nyuci,cuci
cuekin,cuek
berkecukupan,cukup
ckup,cukup
cma,cuma
cm,cuman
cmn,cuman
cumn,cuman
curhat,curhat
curhatan,curhat
curhatku,curhat
curhatnya,curhat
dlu,dahulu
duluan,dahulu
dlm,dalam
dapet,dapat
dapetnya,dapat
dpat,dapat
dpet,dapat
dpt,dapat
dptnya,dapat
dr,dari
dri,dari
drinya,dari
online,daring
drpd,daripada
dateng,datang
dtang,datang
dtg,datang
deket,dekat
deketnya,dekat
dket,dekat
dkt,dekat
dktku,dekat
dg,dengan
dgn,dengan
dngan,dengan
dngn,dengan
dgnnya,dengan dia
denger,dengar
dengerin,dengar
dengernya,dengar
julid,dengki
dpn,depan
dpnku,depan
dirmh,di rumah
drmh,di rumah
drumah,di rumah
dy,dia
didiemin,diam
diem,diam
diemin,diam
silent,diam
skitnya,diikit
sdikit,dikit
skit,dikit
dmna,dimana
disabilitas,disabilitas
dll,dll
doain,doa
donk,dong
suport,dukung
support,dukung
emg,emang
emgnya,emang
emng,emang
emngnya,emang
ngemis,emis
enk,enak
fb,facebook
pondasi,fondasi
gnti,ganti
gra,gara
gatel,gatal
gni,gini
gituin,gitu
ojol,gojek
group,grup
grub,grup
hbis,habis
hbs,habis
ngabisin,habis
hdp,hadap
ngadepin,hadap
ngadepinnya,hadap
ngaji,haji
alaikum,halo
asalamualaikum,halo
assalamu,halo
hallo,halo
hmpir,hampir
hp,handphone
hpnya,handphone dia
hpmu,handphone kamu
hy,hanya
hr,hari
hri,hari
hrs,harus
hrsnya,harus
hrus,harus
hrusnya,harus
berpenghasilan,hasil
hti,hati
stop,henti
hdup,hidup
hdupku,hidup
ilang,hilang
bhun,ibu
bunn,ibu
ibuk,ibu
mom,ibu
iklas,ikhlas
nginap,inap
nginep,inap
inget,ingat
ingetnya,ingat
keinget,ingat
kepengen,ingin
pgen,ingin
pgn,ingin
pgnnya,ingin
pingin,ingin
pngen,ingin
pngn,ingin
pngnnya,ingin
ngirit,irit
irt,irt
yaaa,iya
ijin,izin
ijinin,izin
ijinnya,izin
jd,jadi
jdi,jadi
jdinya,jadi
jdlah,jadi
jdnya,jadi
mnjadi,jadi
jagain,jaga
jjn,jajan
jakarta,jakarta
jkt,jakarta
jalanin,jalan
jln,jalan
ngejalanin,jalan
jm,jam
boro,jangan
jgn,jangan
jngan,jangan
jngn,jangan
jrang,jarang
dijatah,jatah
jwb,jawab
jwbnya,jawab
jelekin,jelek
single,jomblo
slot,judi
judol,judol
jg,juga
jga,juga
jjur,jujur
jt,juta
jta,juta
ngabarin,kabar
kdang,kadang
kdg,kadang
kdng,kadang
kaka,kakak
kk,kakak
kkak,kakak
kkaknya,kakak
kakanya,kakak dia
kakaku,kakak saya
kalo,kalau
kalok,kalau
klau,kalau
klo,kalau
klu,kalau
klw,kalau
kli,kali
klinya,kali
skli,kali
sklinya,kali
kmi,kami
kmpung,kampung
km,kamu
loe,kamu
gara,karena
gegara,karena
karna,karena
kerna,karena
krena,karena
krn,karena
krna,karena
ksh,kasih
ksih,kasih
ngasi,kasih
ngasih,kasih
ngasihnya,kasih
ngsh,kasih
ngsih,kasih
dikatain,kata
katain,kata
ngatain,kata
qta,kata
ky,kayak
kya,kayak
kyak,kayak
kyaknya,kayak
kyanya,kayak
kyk,kayak
kyknya,kayak
kynya,kayak
kb,kb
kdrt,kdrt
kbthn,kebutuhan
ngejar,kejar
kls,kelas
keluarin,keluar
kluar,keluar
kluarnya,keluar
ngeluarin,keluar
pengeluaran,keluar
pengeluaranku,keluar
klrga,keluarga
kluarga,keluarga
kluarganya,keluarga dia
kluargaku,keluarga saya
ngeluh,keluh
ngeluhnya,keluh
uneg,keluh
unek,keluh
skill,kemampuan
kemaren,kemarin
kmaren,kemarin
kmren,kemarin
kmrin,kemarin
kmrn,kemarin
knapa,kenapa
knp,kenapa
knpa,kenapa
kpd,kepada
kerjain,kerja
krj,kerja
krja,kerja
krjanya,kerja
ngerjain,kerja
ktika,ketika
ngeliatnya,kihat
kirain,kira
ngirim,kirim
kta,kita
ktanya,kita
ktmu,kita
ktnya,kita
koq,kok
komen,komentar
komennya,komentar
kontrkan,kontrak
ngontrak,kontrak
koprasi,koperasi
kos,kos
kosan,kos
kpr,kpr
ktp,ktp
kua,kua
ngumpul,kumpul
ngumpulin,kumpul
lg,lagi
lgi,lagi
laen,lain
cowo,laki
cwo,laki
cwok,laki
cowonya,laki dia
cowoku,laki saya
lakuin,laku
treatment,laku
lgsg,langsung
lngsung,langsung
laper,lapar
ngelarang,larang
ngelawan,lawan
ldm,ldm
ldr,ldr
lbh,lebih
lbih,lebih
lebay,lebih
lks,lekas
ngeliat,lihat
mengeluarkan,luar
lobang,lubang
maap,maaf
mf,maaf
macem,macam
game,main
maen,main
mkan,makan
mkn,makan
mknnya,makan
mkin,makin
mlh,malah
malem,malam
malemnya,malam
mlm,malam
males,malas
mls,malas
mamah,mama
mm,mama
mmah,mama
mamahnya,mama dia
mamahku,mama saya
mmku,mama saya
kmna,mana
kmnapun,mana
mna,mana
mntan,mantan
marahin,marah
mrah,marah
tantrum,marah
msa,masa
msalah,masa
masakin,masak
msak,masak
mslh,masalah
mslhnya,masalah
mash,masih
msh,masih
msih,masih
masukin,masuk
msuk,masuk
mo,mau
mw,mau
mwnya,mau
mbg,mbg
sosmed,media sosial
mmg,memang
mmgnya,memang
mnikah,menikah
mninggal,meninggal
mnt,menit
mnrt,menurut
mnurut,menurut
mreka,mereka
mrk,mereka
mrka,mereka
mertu,mertua
mrtua,mertua
mie,mie
mnta,minta
ngenes,miris
mtr,motor
mgkin,mungkin
mngkin,mungkin
nafkahin,nafkah
nnti,nanti
nntinya,nanti
ntr,nanti
nafas,napas
nasehatin,nasihat
negri,negara
nene,nenek
nikahin,nikah
nomer,nomor
npd,npd
npdnya,npd
ny,nya
nyah,nya
nyh,nya
nyalain,nyala
ternyta,nyata
trnyata,nyata
trnyta,nyata
ngebatin,obat
ngbrol,obrol
ngobrol,obrol
ngobrolnya,obrol
ngojek,ojek
ngomel,omal
ngomelnya,omel
omelin,omel
blng,omong
btw,omong
diomongin,omong
ngmg,omong
ngmng,omong
ngmong,omong
ngomong,omong
ngomongin,omong
ngomonginnya,omong
ngomongnya,omong
omongin,omong
ngompol,ompol
org,orang
orgnya,orang
orng,orang
orngnya,orang
seorg,orang
orangtua,orang tua
orgtua,orang tua
orgtuaku,orang tua
orgtuanya,orang tua
ortu,orang tua
ortua,orang tua
orangtuanya,orang tua dia
ortunya,orang tua dia
ortumu,orang tua kamu
orangtuaku,orang tua saya
ortuku,orang tua saya
pd,pada
pda,pada
padhal,padahal
pdahal,padahal
pdhal,padahal
pdhl,padahal
memahami,paham
ngerti,paham
ngertiin,paham
ngertinya,paham
dipake,pakai
kepake,pakai
make,pakai
pake,pakai
pakenya,pakai
pkai,pakai
pke,pakai
maksa,paksa
pling,paling
plng,paling
mamer,pamer
pampers,pampers
mancing,pancing
mancingnya,pancing
manggil,panggil
pantes,pantas
paud,paud
pdam,pdam
care,peduli
ngepel,pel
mementingkan,penting
pnting,penting
full,penuh
memenuhi,penuh
skincare,perawatan kulit
cewe,perempuan
cwe,perempuan
cwek,perempuan
prmpuan,perempuan
prmpuannya,perempuan
prgi,pergi
pernh,pernah
prnah,pernah
prnh,pernah
prtama,pertama
berfikir,pikir
fikir,pikir
fikiran,pikir
fikiranku,pikir
fikirnya,pikir
memikirkan,pikir
mikir,pikir
mikirin,pikir
mikirnya,pikir
overthinking,pikir
pemikiran,pikir
pemikirannya,pikir
milih,pilih
pindh,pindah
minjam,pinjam
minjem,pinjam
minjemin,pinjam
minjemnya,pinjam
pinjem,pinjam
pinjemnya,pinjam
pinjm,pinjam
spinjam,pinjam
pinjol,pinjol
pinjolku,pinjol
pinter,pintar
pinternya,pintar
berhutang,piutang
hutang,piutang
hutangnya,piutang
ngutang,piutang
utang,piutang
utangnya,piutang dia
utangku,piutang saya
pns,pns
posting,post
postingan,post
postinganku,post
postinganmu,post
pt,pt
mukul,pukul
plg,pulang
pulng,pulang
pulkam,pulang kampung
pp,pulang pergi
muter,putar
mutusin,putus
rabu,rabu
rame,ramai
mood,rasa
ngerasa,rasa
ngerasain,rasa
ngrasa,rasa
prasaan,rasa
rsanya,rasa
ngerawat,rawat
renov,renovasi
resign,resign
respon,respons
responnya,respons
rejeki,rezeki
rejekiku,rezeki
rejekinya,rezeki
rb,ribu
risih,risi
roko,rokok
buli,rudung
bully,rudung
dibully,rudung
dirumh,rumah
home,rumah
krmh,rumah
rmh,rumah
rumh,rumah
rmhnya,rumah dia
rumhnya,rumah dia
rmhku,rumah saya
ribet,rumit
ribetnya,rumit
broken,rusak
ajaa,saja
ajah,saja
ajh,saja
sja,saja
sangking,saking
menyakiti,sakit
menyakitkan,sakit
nyakitin,sakit
disalahin,salah
nyalahin,salah
salahin,salah
slh,salah
sholat,salat
solat,salat
sm,sama
sma,sama
smbil,sambil
nyambung,sambung
sampe,sampai
smpai,sampai
smpe,sampai
nyampe,sampe
sna,sana
nyapa,sapa
nyapu,sapu
nyaranin,saran
tips,saran
sodara,saudara
sodaranya,saudara dia
sodaraku,saudara saya
sayah,saya
sy,saya
sya,saya
syaa,saya
syh,saya
syg,sayang
sd,sd
sbg,sebagai
sbgai,sebagai
greget,sebal
sebelah,sebelah
sblm,sebelum
sblmnya,sebelum
sdgkan,sedang
sdgkn,sedang
sdngkan,sedang
sekedar,sekadar
sekrng,sekarang
skarang,sekarang
skrang,sekarang
skrg,sekarang
skrgpun,sekarang
skrng,sekarang
skolah,sekolah
skolahnya,sekolah
hb,seks
sx,seks
mulu,selalu
slalu,selalu
sll,selalu
sllu,selalu
slama,selama
slamanya,selama
slma,selama
semangatin,semangat
sembako,sembako
insyaallah,semoga
sempet,sempat
guys,semua
smua,semua
smuanya,semua
sendri,sendiri
sndiri,sendiri
sndri,sendiri
sndrinya,sendiri
sperti,seperti
sprti,seperti
spt,seperti
nyerah,serah
sring,sering
asik,seru
nyesek,sesak
nyesel,sesal
nyeselnya,sesal
stelah,setelah
stlh,setelah
stiap,setiap
acc,setuju
shopee,shopee
nyiapin,siap
menyikapi,sikap
nyimpen,simpan
save,simpan
simpen,simpan
nyindir,sindir
disni,sini
dsini,sini
dsinilah,sini
dsni,sini
sni,sini
smk,smk
smp,smp
spp,spp
stress,stres
stressnya,stres
paksu,suami
dh,sudah
sdah,sudah
sdh,sudah
sudh,sudah
udah,sudah
udahan,sudah
udahlah,sudah
udh,sudah
nyuruh,suruh
nyusahin,susah
menyusui,susu
sufor,susu formula
nyusul,susul
nabung,tabung
td,tadi
tdi,tadi
tdinya,tadi
tdnya,tadi
nagih,tagih
nagihnya,tagih
sepengetahuan,tahu
th,tahun
thn,tahun
thun,tahun
tkut,takut
nampak,tampak
penampilan,tampil
handle,tangani
tngga,tangga
tgl,tanggal
tglnya,tanggal
tnggl,tanggal
nanggung,tanggung
nangis,tangis
tnpa,tanpa
nanyain,tanya
tanyain,tanya
tp,tapi
tpi,tapi
nawarin,tawar
tawarin,tawar
negur,tegur
tv,televisi
nlpn,telpon
tlp,telpon
menemani,teman
nemenin,teman
temen,teman
tmn,teman
temennya,teman dia
tmnnya,teman dia
temenku,teman saya
tmnku,teman saya
tmpt,tempat
bertemu,temu
nemu,temu
nengok,tengonk
nendang,tentang
ttg,tentang
nentu,tentu
nerima,terima
trima,terima
makasih,terima kasih
terimakasih,terima kasih
trimakasih,terima kasih
trlalu,terlalu
trs,terus
trus,terus
truss,terus
tetep,tetap
ttep,tetap
ttp,tetap
tb,tiba
tbtb,tiba
engga,tidak
ga,tidak
gag,tidak
gak,tidak
gaknya,tidak
gk,tidak
gx,tidak
kaga,tidak
kg,tidak
ngaku,tidak
ngalah,tidak
nggak,tidak
nggk,tidak
ngk,tidak
no,tidak
tdk,tidak
gaada,tidak ada
gda,tidak ada
gapapa,tidak apa apa
gpp,tidak apa apa
gabisa,tidak bisa
gaboleh,tidak boleh
gaenak,tidak enak
gamau,tidak mau
insecure,tidak percaya diri
gapernah,tidak pernah
gprnh,tidak pernah
gapunya,tidak punya
gatau,tidak tau
gausah,tidak usah
tdr,tidur
tdur,tidur
tdurpun,tidur
tiktok,tiktok
tiktoknya,tiktok
meninggalkan,tinggal
meninggalkanku,tinggal
meninggalkannya,tinggal
ninggalin,tinggal
tingal,tinggal
tinggalin,tinggal
tinggl,tinggi
nitip,titip
tkw,tkw
wc,toilet
token,token
nolak,tolak
nolaknya,tolak
nongkrong,tongkrong
nonton,tonton
nontonnya,tonton
toxic,toxic
tf,transfer
nuduh,tuduh
nuduhnya,tuduh
allah,tuhan
alloh,tuhan
nulis,tulis
numpang,tumpang
numpanglah,tumpang
numpuk,tumpuk
nunggu,tunggu
nungguin,tunggu
nuntut,tuntu
down,turun
menutupi,tutup
nutup,tutup
nutupin,tutup
cash,uang
duid,uang
uwang,uang
ultah,ulang tahun
umr,umr
untk,untuk
utk,untuk
ngurus,urus
ngurusin,urus
usg,usg
ngusir,usir
ustad,ustad
vc,vc
wkt,waktu
wktu,waktu
wktunya,waktu
wlpn,walau
wifi,wifi
wudhu,wudu
yaa,ya
yah,ya
yh,ya
yaudah,ya sudah
yaudahlah,ya sudah
yaallah,ya tuhan
yg,yang
yng,yang
dzolim,zalim
adikny,#N/A
anakgmn,#N/A
ancuran,#N/A
ankx,#N/A
anyagen,#N/A
barangx,#N/A
bulann,#N/A
capekkali,#N/A
dijelekin,#N/A
disenengin,#N/A
garaitu,#N/A
habisn,#N/A
jelekkin,#N/A
kiraaku,#N/A
kmrnny,#N/A
komalan,#N/A
lembursampai,#N/A
mrahhin,#N/A
mrahx,#N/A
mudahhan,#N/A
nambahi,#N/A
nyapuin,#N/A
obongan,#N/A
pasn,#N/A
passan,#N/A
sulitx,#N/A
tdran,#N/A
temenny,#N/A
terussn,#N/A
titikny,#N/A
ujungnga,#N/A
aaakkkhhh,
aah,
aajak,
aak,
aaku,
aamiinn,
aamin,
aanak,
aaudarany,
aaya,
abangx,
abcd,
abcdfg,
abg,
abisin,
abiss,
abk,
abong,
abrubaj,
abs,
accminbaik,
aceh,
acra,
acranya,
act,
activ,
acuhh,
adaaa,
adda,
adh,
adhd,
adikuu,
adikx,
adk,
adl,
adlh,
adm,
adsense,
aduhhh,
adx,
aelagi,
aer,
af,
afdol,
affiliate,
afliator,
agamana,
agk,
agla,
agp,
agr,
agy,
ahh,
ahhh,
ahkir,
ahkirnya,
aing,
airdrop,
airmataku,
ajaaa,
ajaaaaaaaa,
ajakin,
ajakn,
ajarin,
aje,
ajha,
ajj,
ajja,
ajk,
akak,
akeh,
akhirnyaa,
akhr,
akhrny,
akhu,
aklnkku,
akmpung,
akrap,
aksesoris,
aktifitas,
aktingpun,
aktip,
aktiv,
akubpikir,
akudapat,
akulaku,
akunsedih,
akuntahan,
akuseparuh,
akutu,
akuuu,
alaamiin,
alaikumsalam,
alakadarnya,
alamiin,
alamin,
alaramku,
alasanya,
alesane,
alesn,
alesnnya,
alfamart,
alfatihah,
alhamdulila,
alhamdulilah,
alhamdulilahny,
alhamdulilalhnya,
alhamdulillaah,
alhmdulilah,
alhmdulillah,
alkhamdulillah,
allaah,
allahh,
allahhh,
allahu,
allahumma,
allh,
allhamdulilah,
allhamdulillah,
alllohh,
almh,
almrh,
alon,
alphard,
alpukat,
alsan,
alsn,
amalin,
amalnku,
amara,
amarah,
amatt,
ambilin,
ambyarr,
amiiiinnnn,
amiiin,
amiinnn,
aminn,
aminta,
ampee,
amt,
anakbininya,
anakbuahnya,
anake,
anakk,
anaknnya,
anakq,
anaksh,
anastasia,
anatr,
ancur,
andaykan,
andelin,
andl,
aneak,
anehny,
anggab,
anggp,
anggukin,
angkatin,
angkot,
angkt,
angsr,
ankny,
ankq,
anku,
anniversary,
antam,
antering,
antrin,
anxiety,
aodaraku,
aounya,
apaaa,
apah,
apain,
apaitu,
apaiya,
apakh,
apalaa,
apalg,
apaling,
apapa,
apapub,
aph,
aphp,
apkah,
aplg,
aplgi,
aplikator,
appun,
apsh,
aqiqah,
aqiqahin,
aqiqahnya,
aqu,
arahanya,
arahin,
aruf,
arufan,
asalammualaikumm,
asalamu,
asalamualikum,
asalamulaikum,
asalmungalaikum,
asbun,
asd,
asem,
asep,
ashar,
aslam,
aslmualikum,
aslmulaikum,
ass,
assalam,
assalammualaikum,
assalammualikum,
assalamuallaikum,
assammulaikum,
assamualikum,
asset,
astagaa,
astagfirulloh,
astahfirllah,
asya,
atam,
atapu,
atauapalah,
ataw,
atik,
atittude,
atou,
atpwn,
ats,
attitude,
atuh,
aturanya,
atwa,
aud,
audiens,
australia,
awasin,
awto,
ayh,
ayoo,
ayudi,
aza,
babah,
bacain,
background,
badanya,
badmood,
badoo,
bae,
baek,
baf,
bagaimn,
bagaimna,
bagamana,
baget,
bagiin,
bagun,
bagusin,
bahagiain,
bahagian,
bahanya,
bahawa,
bahgaiin,
bahgiany,
bahwasannya,
baikin,
baikkkkk,
bair,
bajet,
bakaln,
balado,
balasanya,
balek,
balesan,
baless,
baliak,
band,
bandingin,
bangeet,
bangen,
bangett,
bangetttt,
bangettttt,
bangettttttt,
bangget,
bangke,
bangkok,
bangt,
bangunin,
banking,
banned,
bansos,
banten,
banuak,
banyakin,
banyakkk,
banyk,
banyumas,
bapakmertua,
bapaknyaa,
baper,
baperan,
baperrr,
bapil,
bapk,
barag,
barcode,
baruu,
bash,
basmalah,
baso,
basreng,
bat,
batak,
bataknya,
batam,
batasin,
bateng,
bathin,
batubara,
bawaanya,
bayaar,
bayaranya,
bayarkam,
bayib,
bayik,
bayr,
baznas,
bbak,
bberapa,
bberpa,
bbi,
bbm,
bbrapa,
bbrsih,
bca,
bcarakab,
bcarakan,
bcnda,
bcra,
bdan,
bdn,
bdohin,
bdohny,
bebanin,
bebelac,
beberapakali,
bebs,
beby,
becandain,
bedaaaa,
bedain,
beeh,
begadangg,
begituu,
begtu,
behel,
bekalin,
bekimbing,
beks,
belaiu,
belakng,
belur,
benr,
berangakt,
berangkt,
beranjakr,
berantakin,
berapaa,
berasasendiri,
berbh,
berbulanya,
bercandainn,
bercengkrama,
berceray,
bercirta,
bercndaan,
berdaudara,
berharihari,
berhinat,
berhjab,
berhnti,
berikn,
beritahu,
berjalany,
berjinah,
berjlnnya,
berkarak,
berkarir,
berkebutuhan,
berkekurangan,
berkenjung,
berkepanjangan,
berkesinambungan,
berkluarga,
bermasalh,
bermingu,
bermsalah,
bernafas,
berngkt,
beroprasi,
berpa,
berpenampilan,
berpendapat,
berpendapatan,
berpengalaman,
berperilaku,
berprilaku,
berpunya,
berputarr,
bersabarr,
bersangutaan,
bersebelahan,
berseblahan,
bersedekah,
bersengkokol,
bershin,
bersihin,
bersihinnya,
bersihkn,
bersikukuh,
bersilweran,
berslh,
bersma,
bersngkokol,
bersodara,
bertamu,
bertanggungjawab,
bertaubat,
berthan,
berthn,
berti,
berulangkali,
berumahtangga,
berutang,
beruusan,
besarin,
besarr,
beselempamgan,
besti,
bestie,
besty,
betadine,
bete,
beuhhh,
bgadang,
bgaimana,
bgaimna,
bgd,
bget,
bgett,
bgian,
bgimna,
bgitu,
bgkus,
bgl,
bgmana,
bgmn,
bgmna,
bgn,
bgni,
bgttt,
bgttupun,
bgtuh,
bgtuu,
bgun,
bgus,
bh,
bhagia,
bhan,
bhas,
bhasa,
bhgia,
bhs,
bhsa,
bhugiil,
biarkn,
biasalh,
biayaya,
bijinyq,
bilangg,
bimba,
bingun,
bingungg,
binik,
binor,
bisaa,
bisala,
bismillahirrahmanirrahim,
bisnisin,
bissmillah,
biyar,
biyayai,
biyayanya,
bjar,
bjb,
bjir,
bju,
bkal,
bkalan,
bkan,
bkerja,
bkinin,
bkl,
bklan,
bkp,
bkso,
bkt,
bla,
blakang,
blan,
blanja,
blanjaan,
blas,
blasan,
blass,
bleh,
bles,
blie,
blind,
blja,
bljapun,
blkg,
blkng,
blkngnya,
blngin,
bloum,
bm,
bnak,
bnar,
bndingin,
bndung,
bneran,
bnerannn,
bnerin,
bnged,
bngett,
bngettt,
bngkel,
bngkit,
bngkrut,
bngttt,
bngtttt,
bngun,
bngunan,
bni,
bnran,
bnri,
bnrn,
bnrr,
bntak,
bntuan,
bntuanya,
bntuk,
bnyakan,
bnyakk,
bnyqk,
boccil,
bodh,
bodoamat,
body,
bodycare,
bodylotion,
bohongin,
bokep,
bokongny,
bolah,
bolehin,
bolooo,
bombing,
bonafit,
boncengin,
boomerang,
boong,
bordinng,
boroa,
boss,
bounding,
bowling,
box,
bpakku,
bpkb,
br,
brand,
branda,
brang,
brangkat,
brani,
brantakan,
brantem,
brapa,
brapapun,
brarti,
brasa,
brasal,
brati,
brbulan,
brcerai,
brdarah,
brengan,
brenti,
brfantasi,
brfikir,
brg,
brgaul,
brgkat,
brgkt,
brguna,
brhbngn,
brhenti,
brhrap,
brhutang,
brisiklah,
brismaid,
brjalan,
brjuang,
brkunjung,
brlngsung,
brmalsah,
brmimpi,
brmslh,
brng,
brngkat,
brngktnya,
brnti,
bro,
brobat,
brobatin,
broo,
brph,
brpikiran,
brpisah,
brpkir,
brsalah,
brsama,
brsan,
brsbar,
brselera,
brsihkan,
brsmaku,
brsyukur,
brtetangga,
brtetanggaan,
brthan,
brthn,
brtiga,
brubah,
brumah,
brumahtangga,
brusaha,
brusan,
brwarna,
bsakh,
bserta,
bsia,
bsk,
bsok,
bsoknya,
bt,
bth,
btn,
btuh,
btuhh,
btul,
buatin,
buatt,
bubd,
bubda,
bucan,
budeg,
buenciii,
buibu,
bukain,
bukak,
bukala,
bukane,
bukang,
bukn,
buktiin,
buktinyaa,
bulaan,
bulii,
bulli,
bulliy,
bullshit,
bullyan,
bullying,
buly,
bumil,
bumn,
bunbun,
bundaa,
bundaaa,
bunddd,
bundir,
bungkusin,
bunuuh,
burger,
busetttt,
business,
buthh,
butu,
buu,
bvndir,
bwah,
bwat,
bwt,
by,
byarin,
byi,
byrin,
bysa,
cacia,
cafe,
cairin,
calistung,
call,
cancer,
canser,
canti,
capable,
capee,
capeek,
capeekkk,
capeerr,
capekk,
capekkk,
capekkkk,
caper,
cappe,
capur,
carahya,
carmuk,
catatat,
catering,
catet,
cck,
ccok,
cctv,
ccu,
cd,
ceaser,
cebokin,
cegatin,
ceger,
cekakak,
cemasw,
cemberat,
cemberutin,
cemilan,
cengar,
cengir,
center,
centil,
ceo,
cepetin,
ceplas,
ceraikn,
ceritaa,
ceritaaa,
ceritnya,
ceskan,
cet,
cewed,
cfe,
chanel,
channel,
chatingan,
chattan,
chatting,
chattingan,
checker,
checkoutin,
chiken,
chiki,
chikungunya,
china,
chinese,
cht,
cianjur,
cibubuhan,
cicak,
ciftakan,
cingcong,
cipayung,
circle,
cirebon,
ck,
ckp,
ckupi,
claim,
clbk,
cletuk,
cletukan,
clna,
clue,
cluster,
cmberut,
cmpur,
cnth,
cntik,
co,
coaster,
cobain,
cod,
coffeshop,
comblng,
comment,
communication,
complain,
contak,
conto,
copy,
cover,
cowk,
cpa,
cpat,
cpet,
cpk,
cpns,
cpt,
cra,
crai,
cranya,
crayon,
cream,
cresh,
crew,
crewet,
crht,
crito,
crnya,
crtnya,
cs,
csar,
cuan,
cuekk,
cuekkk,
cukupin,
cumannmm,
cumi,
cumu,
cumulonimbus,
cungkring,
curhatin,
curhatt,
curhatttt,
curht,
curigain,
customer,
cuwek,
cv,
cw,
cwoknya,
cz,
daftarin,
dahh,
dahlil,
dahmah,
dalm,
danank,
danbnyk,
dancok,
dann,
daoet,
dapatin,
dapetin,
dapt,
daridap,
darimana,
daripda,
daritadi,
darting,
daru,
dasim,
datanahkanlah,
datangin,
datengin,
dating,
dbalas,
dbantu,
dbd,
dbengkel,
dbilang,
dbilng,
dblokir,
dburu,
dbwa,
dbwah,
dc,
dcitu,
dcuekin,
ddholimi,
ddikasi,
ddk,
ddpn,
deal,
dealer,
debay,
deck,
dede,
deeptalk,
defkoletor,
dehh,
dehhh,
dekatin,
deketan,
deketi,
deketin,
dekian,
delalahnya,
delalu,
delay,
dengaan,
dengarin,
dengn,
depn,
depo,
depok,
des,
dgan,
dgankan,
dgar,
dgedung,
dgh,
dglendotin,
dgnti,
dgr,
dhargai,
dhe,
dhl,
dhuha,
dhuhur,
diaa,
diaaa,
diagnosa,
diajakin,
diakalain,
diambel,
diamkn,
diandelin,
diane,
diangetin,
dianggep,
dianggkut,
dianggurin,
diangkt,
dianter,
dianterin,
diany,
diapain,
diapers,
diarahin,
diatuh,
dibagiin,
dibaikin,
dibalesnya,
dibalikin,
dibandingin,
dibangunin,
dibantuin,
dibawain,
dibayarin,
dibelain,
dibenerin,
diberantemin,
diberesin,
diberhentikan,
dibiarin,
dibiayain,
dibilangin,
diblakang,
diblg,
diblik,
diblkng,
dibohongin,
dibolehin,
dibolihin,
dibpisah,
dibsyukuri,
dibuatin,
dibukain,
dibuli,
dibulli,
dibuly,
dibungkusin,
dibyr,
dicariin,
dicepet,
dichat,
dicini,
dicmpur,
dicover,
dicuekin,
dicurhatan,
dicurhatin,
didaptny,
didatengin,
didekatin,
didenger,
didengerin,
didepok,
didiem,
didlm,
didpn,
dieman,
dieum,
difb,
difikir,
difikirkan,
difotoin,
digabungin,
digalbay,
digdaikan,
digiin,
diginiin,
digituin,
digitukan,
digosokin,
dihabisin,
dihadapkn,
dihargaii,
dihargain,
diimbagi,
diirumah,
diizinin,
dijabani,
dijadiin,
dijahatin,
dijahitin,
dijakarta,
dijalanin,
dijanjiin,
dijauhin,
dijedotin,
dijodohin,
dijudesin,
dijumlah,
dijutekin,
dikabarin,
dikacangin,
dikantongin,
dikarnakan,
dikasbon,
dikasiani,
dikasik,
dikemo,
dikenalin,
dikerasin,
dikerjain,
dikerokin,
diketusin,
dikhianti,
dikirimin,
dikmr,
dikmrnya,
dikomen,
dikomentarin,
dikontrakin,
dikorbanin,
dikosan,
dikost,
diksh,
diksih,
dikuatkann,
dikunciin,
dikurangin,
dikurusin,
dikusuk,
diladenin,
dilakuin,
dilampiasin,
dilanjutin,
dilayanin,
dilimpahin,
dilntarkan,
dilove,
dilunasin,
dimaafin,
dimainin,
dimakanin,
dimake,
dimandiin,
dimanfaatin,
dimanjain,
dimarahin,
dimariii,
dimasakin,
dimasakkin,
dimasukin,
dimatiin,
dimedsos,
dimegungkit,
dimejikom,
dimengerti,
dimicat,
dimintain,
dimkn,
dimna,
dimolotin,
dimusuhin,
dinangunin,
dinasehatin,
dinasehtin,
dinikahin,
diniyah,
dinungkit,
diomelin,
diongkosin,
diopenin,
diortu,
diortuku,
dipakein,
dipasrahkn,
dipaylater,
dipeduliin,
dipencarian,
dipendem,
diperantauan,
diperbaikin,
diperhatiin,
dipermasalahin,
dipermasalahkanya,
dipijatin,
dipijet,
dipijitin,
dipikiranya,
dipikirin,
dipindahin,
dipinjemin,
dipintain,
dipisahin,
dipke,
diplastikin,
diporotin,
diposting,
dipoto,
dipukulin,
dipungkiri,
dirasanin,
dirayain,
direndahin,
direnov,
direspon,
dirisindri,
dirmah,
dirmhnya,
dirmpas,
dirumaah,
diruqiyah,
dirwat,
disakitin,
disakitu,
disamperin,
disanah,
disc,
disclaimer,
disebelahnya,
disekitar,
diselingkuhin,
disengsarain,
diseriusin,
disetiap,
disiapin,
disimpen,
disklamer,
diskotik,
dismpingnya,
disocmed,
disruh,
disumatra,
ditaanya,
ditabungin,
ditangani,
ditantangin,
ditanyain,
ditaro,
ditawari,
ditawarin,
ditelfon,
ditelponin,
ditempatin,
diteriakin,
diterusin,
ditgih,
ditgihh,
diti,
ditingal,
ditinggalin,
ditinggl,
dititipin,
ditlp,
ditmpt,
ditmpti,
ditnggung,
ditolongin,
ditrnsaksi,
dituker,
ditungguin,
ditunjukin,
diturutin,
diungkapin,
diurusin,
diusahain,
diusirrr,
diva,
dizolimin,
dj,
djdikn,
djelekin,
djikir,
djual,
dkasih,
dkat,
dkatain,
dketin,
dkira,
dkit,
dkk,
dkmar,
dkmpung,
dkosan,
dkota,
dksh,
dksih,
dl,
dlam,
dlayani,
dlsindirin,
dluan,
dluar,
dluny,
dm,
dmertua,
dmii,
dmikin,
dminta,
dmn,
dmngerti,
dmsukn,
dmulai,
dna,
dnag,
dng,
dngdutn,
dnger,
dngr,
doakann,
doangmaen,
doank,
doblle,
dokk,
dominance,
donghub,
double,
dow,
download,
doww,
dp,
dpan,
dpanggil,
dpikiran,
dpnya,
dprti,
dqn,
dracin,
drag,
driasnya,
drimna,
drinpekerjaan,
dripada,
driver,
drmanya,
drmna,
dropp,
drpada,
drpda,
druma,
drumh,
dsa,
dsakiti,
dsalahkan,
dsbnya,
dsbut,
dshare,
dsitu,
dsktin,
dslh,
dsna,
dsne,
dsr,
dsruh,
dst,
dstu,
dsumpah,
dta,
dtakutkan,
dteng,
dtgan,
dtmbh,
dtng,
dtnya,
dtunggu,
dtuntut,
duakali,
dubai,
dudah,
duduanya,
duhhhh,
duidq,
duitny,
duittt,
duitya,
dulumah,
dulunya,
duluu,
dumay,
dun,
dunk,
duraka,
duuhh,
dwit,
dwng,
dya,
dzlomi,
dzolimi,
economy,
eee,
eeh,
eeni,
effort,
egh,
egk,
ehh,
ehhh,
ekhh,
ekomi,
ekpektasi,
eksaited,
ekspektasi,
ekspetasiku,
ekspress,
ekting,
elap,
elci,
elzha,
emakk,
emakku,
emaknya,
emmg,
emmm,
emo,
emok,
enakk,
enakkn,
ending,
endingnya,
energy,
eneug,
enggatau,
enggk,
eni,
enjoy,
entahhla,
error,
euy,
excited,
exercise,
expayer,
expect,
expedisi,
extra,
eyelash,
eyelasku,
facebook,
faham,
fake,
fakses,
fan,
fashion,
fathiya,
fattah,
fausiyah,
february,
feedback,
feeling,
fhm,
fiansial,
fif,
fikirin,
fikss,
filing,
filling,
finally,
financial,
finasial,
fine,
finishing,
fir,
firaun,
fix,
fkran,
flasback,
flej,
flek,
flim,
flyingvictim,
fnb,
focus,
follow,
followers,
food,
forex,
fotographer,
freelance,
freland,
frozen,
frustasi,
fryer,
fto,
ful,
fyi,
fyp,
gaa,
gaaa,
gaaaeeees,
gaadak,
gabaikk,
gabakal,
gabakalan,
gabayar,
gabecus,
gabetah,
gadak,
gade,
gadean,
gaden,
gadianggap,
gadihargai,
gadikasih,
gadinafkahin,
gaeees,
gaenakan,
gaes,
gagada,
gagitu,
gaikut,
gais,
gajh,
gajin,
gajiny,
gajualan,
gajuga,
gakaruan,
gakebagian,
gakenal,
gakerja,
gaketemu,
gakk,
gakmau,
gakpapa,
gaksih,
gaktau,
gakuat,
galama,
galbay,
galop,
gamampu,
gamasalah,
gamebiysa,
games,
gamungkin,
gangguin,
ganjel,
gantiin,
gapeduli,
gapercaya,
gaprnh,
garugi,
gasalah,
gasih,
gaslighting,
gasuka,
gataau,
gatahan,
gatega,
gausa,
gawe,
gbkl,
gblh,
gbs,
gbsa,
gbth,
gc,
gde,
gdis,
gdung,
gebleg,
gedeuk,
gegayaan,
gelisahh,
gemes,
gemeteran,
genepin,
gentak,
gerakin,
gercep,
gerd,
getal,
getcontak,
geus,
gezet,
ggurin,
gibahin,
gift,
gil,
gilak,
gilirn,
gilla,
gimanaa,
gimn,
ginih,
ginii,
giniiii,
giniin,
gituan,
gituh,
gitukan,
gituu,
gituuu,
giyksih,
gj,
gji,
gjian,
gjih,
gkk,
gknge,
gknpernh,
gkpp,
gkterima,
gl,
gliran,
glisah,
glowing,
gls,
gma,
gman,
gmana,
gmau,
gmnaa,
gmnaya,
gmpang,
gmw,
gnggu,
gnit,
gnitin,
gntian,
gntikn,
godain,
gofood,
gogle,
gono,
gonta,
good,
google,
goput,
gorengin,
gorenh,
gorngan,
gosipin,
gossip,
gpnya,
gppa,
gpunya,
grab,
grade,
grati,
gratisss,
gravis,
grgr,
grimis,
grm,
grogol,
ground,
grp,
grs,
gtau,
gth,
gthn,
gtm,
gtuan,
gtuin,
gtw,
guaaa,
guee,
gumoh,
gunain,
gunta,
gurp,
guyss,
gya,
gygur,
gym,
haaaahhhh,
haari,
habi,
habisin,
habit,
hack,
hadapin,
hadast,
hadeeuuhhhh,
hadehhh,
hadehhhh,
hadeuuh,
hadew,
hah,
hahaha,
hahahahahah,
haiper,
hakika,
hakimin,
halaah,
halama,
halamanya,
halooo,
halu,
hambarr,
hambarrr,
hamburin,
hampirr,
hanbody,
hancurin,
hancurr,
hancurrrr,
handel,
handphone,
handukin,
hansaplast,
hanycur,
hapal,
hape,
happy,
haqqul,
hargae,
hargain,
hariini,
harinyhhh,
hars,
harslah,
harua,
hasbunallah,
hasih,
haters,
havy,
hay,
hayy,
hbungan,
hbungi,
hdupya,
head,
headset,
healing,
hedon,
hedonnnn,
hehe,
heheh,
hehehehe,
heheheheheh,
heii,
hembusan,
hemm,
heranya,
hewran,
hey,
heyyy,
hhe,
hidupsusah,
higa,
hih,
hihi,
hihileudeun,
hiking,
hilaf,
hilangin,
hilap,
hilng,
hiper,
history,
hitem,
hj,
hji,
hkumnya,
hmbr,
hmil,
hmm,
hmmm,
hncur,
hobby,
hoby,
hobynya,
hoh,
hold,
holiday,
honda,
hormonya,
hororny,
hospot,
hotspot,
hpan,
hpe,
hpenya,
hpl,
hpny,
hrga,
hrhr,
hrusny,
hruss,
hsil,
ht,
htg,
hub,
hubungin,
hubungn,
huhu,
huhuhuhu,
humble,
hummm,
hura,
hutangan,
hutng,
hutngin,
huuh,
hv,
hwtir,
hya,
hyper,
iai,
iam,
ibartnya,
ibdah,
ibih,
ibnya,
ibtidaiyah,
ibubpk,
ibukota,
ibukupun,
ibumertua,
ibunyaa,
ibusmbungnya,
ibuu,
ice,
icu,
iddah,
idtri,
idul,
idup,
ifar,
igd,
ihklas,
iini,
ijabah,
ijinkan,
ijinya,
ikhlasin,
ikhlass,
iklasin,
ikllas,
ikot,
ikt,
ikuran,
ikutin,
ilfeel,
ilfil,
ilfill,
illa,
illaha,
illness,
ilpoll,
image,
imas,
iming,
impalanny,
implant,
imron,
inbokan,
inbox,
income,
indihome,
indo,
indouang,
indramayu,
ingetin,
inggin,
ingsya,
ingt,
inh,
inhouse,
inilahlah,
inisiatip,
inj,
injamin,
injek,
innahu,
inni,
insicure,
instagram,
instrospeksi,
insyallah,
intermezzo,
internet,
interview,
interviewer,
interviwe,
introgasi,
introvert,
intya,
invest,
inz,
iparr,
ipok,
ipokannya,
ipr,
ipran,
isbad,
isbath,
isengin,
isk,
isteri,
istighfar,
istihadoh,
istikhoroh,
istilanya,
istirnya,
istrhat,
istrilo,
istriny,
isttinya,
itbpengatuh,
iti,
itikad,
its,
ituh,
itulh,
itung,
itungan,
itungnyatapi,
ituu,
ituuu,
iuan,
iud,
iyaa,
iyain,
iyang,
iyasih,
iyh,
iyuran,
izinin,
jabanya,
jabar,
jabel,
jablay,
jadiin,
jafi,
jahannam,
jaimnya,
jaitan,
jaksel,
jakut,
jaln,
jaminn,
jamsostek,
jangn,
janjiin,
japri,
jarakny,
jastip,
jateng,
jatim,
jatiwarna,
jatoh,
jatohnya,
jawabaan,
jawabanya,
jawanya,
jawap,
jawb,
jdii,
jdikn,
jdiny,
jdinyaa,
jdwl,
jek,
jelasin,
jempot,
jendelaaa,
jengkelin,
jengkell,
jengukin,
jerja,
jgain,
jgan,
jgk,
jgkn,
jgkrna,
jgnkan,
jhat,
jht,
jiga,
jiji,
jjan,
jjr,
jju,
jjual,
jk,
jkrta,
jlan,
jlebb,
jlk,
jlma,
jlni,
jlnin,
jls,
jmgan,
jmn,
jmput,
jn,
jnda,
jngkel,
jnji,
jntung,
joba,
jodohkn,
jodoin,
join,
jolang,
jomblo,
jomplang,
jorokin,
jpng,
jrak,
jrenggg,
jrg,
jrng,
jrwat,
jtan,
jtuh,
jtuhin,
jualaan,
jualanya,
jualin,
juall,
jualn,
jud,
judge,
jugaa,
jugak,
julitin,
july,
jutek,
jwab,
jwbn,
jwbnnya,
kaaka,
kabarin,
kabr,
kabrnya,
kacaw,
kadng,
kagaak,
kahbatau,
kahhh,
kaia,
kakacauan,
kakaknyaa,
kakakq,
kake,
kakeknenekny,
kakik,
kalangkabut,
kalao,
kalaw,
kalimantan,
kaloada,
kaloo,
kalou,
kalow,
kalu,
kaluarga,
kaluw,
kalw,
kampng,
kanak,
kangenin,
karakter,
karakternya,
karatkter,
kareeung,
kariawan,
karir,
karn,
karnaa,
karnah,
karnakan,
karunai,
karywanya,
kasat,
kasbon,
kash,
kasiann,
kasihin,
kasihn,
kasiin,
kasik,
kasitau,
kataa,
katae,
katax,
katna,
katny,
katnya,
kavling,
kawatir,
kay,
kayapa,
kayk,
kayujati,
kbawa,
kbayar,
kbeli,
kberatan,
kbetulan,
kbiasaan,
kbli,
kbnyakn,
kbr,
kbratan,
kbru,
kbtuhan,
kbtuhn,
kbtulan,
kbtuln,
kbuang,
kburu,
kbutahn,
kbutuhn,
kbyr,
kc,
kcanduan,
kcewa,
kcil,
kcl,
kclkaan,
kcuali,
kdepannya,
kdu,
kdua,
keadaaan,
keadaanya,
keadekku,
keaku,
kearoke,
kebahagian,
kebaperan,
kebeteulan,
kebgian,
kebhgian,
kebnyakan,
kebnykn,
kebobolam,
keboh,
kebumer,
kebutihan,
kebutuhanya,
kecewain,
kecillll,
kecoa,
kedatangn,
kefikiran,
kefo,
kegugurang,
kehidupannku,
kehilng,
keiisi,
keinginanya,
keitung,
keja,
kejadianya,
kejln,
kekakanya,
kekanak,
kekeuh,
kekmn,
kekuranggnya,
kelaperan,
kelindes,
keluargaq,
keluargnya,
keluatga,
keluhkesahpedagang,
kelurga,
kelurgaa,
kemakn,
kemanaa,
kembaali,
kemeeejaaa,
kemingkinan,
kemna,
kemren,
kemrin,
kenalin,
kendraan,
kenene,
kenit,
kenpa,
kentel,
kentell,
kentucky,
kenyataanya,
keortunya,
kepanjagan,
keperusahan,
kepnjangan,
kepnjngn,
kepo,
kepseknya,
kept,
keptong,
kepuskes,
keputusasaan,
keracunn,
keramain,
kerasin,
kerass,
kerena,
keristen,
kerjaa,
kerjaam,
kerjaanya,
kerjaian,
kerjamya,
kerjanyaa,
kerjasama,
kermh,
kermhnya,
kermhya,
kerumh,
kerza,
kesabran,
kesalahanya,
kesalahn,
kesalhn,
kesalny,
kesalx,
keseeel,
keseharian,
kesehariannya,
kesekian,
keselll,
kesenengan,
kesengajjan,
kesihatan,
kesna,
kesuliatan,
kesusahaan,
ketawain,
ketbung,
ketehternya,
ketenagakerjaan,
ketidaknyamanan,
ketimbng,
ketja,
ketuker,
ketusnyaa,
keuanganya,
keukeh,
keukeuh,
keumahnya,
kewalhn,
kfikiran,
kga,
kgin,
kgk,
kgn,
khdpn,
khdupan,
khidupan,
khlgan,
khulu,
kih,
kisaanak,
kisanak,
kitchen,
kiyai,
kjadian,
kjdian,
kkeh,
kki,
kkku,
kknya,
kkurangan,
klaau,
klakuan,
klas,
klaw,
klebihan,
klelahan,
kleyengan,
klg,
klian,
kliatan,
klihat,
klkuan,
klnjar,
klok,
klompok,
klou,
klow,
klr,
kluargany,
kluarin,
klurga,
kluw,
kma,
kmampuan,
kmana,
kmapungnya,
kmar,
kmarin,
kmarnya,
kmbali,
kmbar,
kmn,
kmplotan,
kmr,
kmri,
kmrnq,
kmudian,
knal,
kndalanya,
kndali,
kndung,
knek,
knepa,
kngomong,
knn,
knpk,
kntara,
kntor,
knyataanya,
kodarullah,
kog,
kokbisa,
koko,
koling,
kolokan,
komdisi,
komenannya,
komentae,
komentarin,
komplaint,
komplek,
komplen,
komplit,
komporin,
komunakasi,
kon,
konci,
kond,
konek,
kontarkan,
kontraknnya,
kontrkn,
kontrok,
kontroll,
koo,
koplak,
korea,
korlas,
kortuku,
kosant,
kosongin,
kost,
kotaa,
kou,
koutaan,
kox,
kp,
kpai,
kpakai,
kpake,
kpala,
kpan,
kpda,
kpikiran,
kpkiran,
kpla,
kplanya,
kpn,
kpnjangan,
kprcyaan,
kputusan,
kq,
kr,
krabat,
krang,
kras,
krepotan,
kresek,
krg,
kridit,
kriditan,
kriditin,
kritkan,
krjaan,
krmah,
krmn,
kro,
krtu,
krudung,
krumah,
krupuk,
kryawan,
ksabaran,
ksalahan,
ksana,
ksarnya,
ksel,
kselin,
kshan,
kshn,
kshtw,
ksihin,
ksihn,
ksini,
ksl,
kslahan,
kslhn,
ksna,
ksputusan,
kstiaanya,
ktany,
ktawa,
ktemu,
kterusan,
kthuan,
ktm,
ktny,
ktnyh,
ktulungan,
kturunan,
ktwa,
ktya,
kuakui,
kuatir,
kuatt,
kuattt,
kuatttt,
kubawa,
kubgi,
kubilang,
kucarilah,
kucoba,
kudari,
kudoakan,
kueh,
kuh,
kujalani,
kukira,
kukirim,
kulagi,
kulakukan,
kulangitkan,
kulia,
kuliahin,
kumarahi,
kumplit,
kumpln,
kumpulin,
kun,
kuntu,
kupakai,
kuperhatikan,
kupikir,
kupinta,
kurangin,
kurasa,
kurasakan,
kurg,
kurleb,
kurng,
kusuruh,
kutek,
kutemui,
kutungguin,
kuu,
kuuh,
kuutama,
kw,
kwajibannya,
kwk,
kygni,
laa,
labass,
ladenin,
lady,
lagih,
lagiii,
lagipula,
lahh,
lahhhh,
lahini,
lahirin,
lahirr,
lahmdulilah,
laillahaillah,
lakiik,
lakik,
lakiknya,
lallu,
lamaaa,
lampiasin,
langsng,
language,
lanjutin,
lansung,
lapisin,
laporin,
lariiiiii,
lariin,
larngn,
latian,
latihati,
laukmh,
laundry,
laut,
layanin,
lbhn,
lbur,
lc,
ldg,
leader,
leasing,
leasingnya,
lebaranh,
lebh,
lebihin,
lebrn,
ledekin,
legends,
legowo,
leha,
leknya,
lelaah,
lemahh,
lemess,
lemot,
lemparin,
lepasin,
lerjaan,
leukimia,
leutik,
lgian,
lgii,
lgsng,
lgsung,
lgy,
lh,
lha,
lho,
lhoo,
liatin,
liatrik,
lihatin,
like,
limapuluh,
lingkuhan,
link,
lipet,
lite,
live,
livin,
living,
lki,
llus,
lma,
lmbr,
lmbut,
lmyn,
lncar,
lncr,
lngsng,
lnjt,
lnjut,
loh,
lohh,
lohhhh,
loker,
lokernya,
lol,
lolosin,
lolosinplismin,
lon,
loo,
loos,
love,
low,
lowker,
lrang,
lri,
lrian,
lsng,
luapin,
luh,
lukain,
lumahan,
lumyan,
lunasin,
lupain,
lupkn,
lurr,
lurusin,
luuaarorang,
lv,
maaff,
maafin,
maafkn,
maag,
maagnya,
maakin,
maav,
mabes,
mabok,
madura,
maf,
mafin,
mager,
mageran,
maghrib,
magiccom,
magin,
mahaall,
mahall,
mahh,
mahl,
mainin,
majut,
makab,
makanann,
makann,
makanna,
makas,
makasi,
makasiii,
makassar,
makek,
makeup,
makjleb,
makkk,
makn,
maknan,
maknn,
makq,
maksain,
maksdnya,
maksdt,
maksut,
maksutnya,
malahh,
malahn,
malajh,
malesan,
malessss,
malh,
maliqul,
mall,
malm,
maluu,
mamae,
mamaknyabkadang,
mamhnya,
mamihnya,
manager,
manaja,
manasin,
mandang,
mandiin,
mandorya,
manfaatin,
mangatur,
manggilnya,
mangil,
mangkin,
manhaj,
manirin,
manjadi,
manjain,
manjang,
mantanny,
mantn,
manusiaa,
mao,
maraah,
marahh,
marahnmelihat,
marar,
marie,
marketing,
masabodo,
masabodoh,
masah,
masakanya,
masakk,
masakn,
masalaaah,
masalalu,
masalh,
masalhnya,
masang,
masarakat,
masem,
masihh,
masihhh,
masjit,
maslahnya,
masnyaallah,
maspion,
masukaannya,
masukanya,
masukkin,
masyaaallah,
masyaallah,
masyaallahh,
masyaalllah,
masyallah,
mateng,
matengan,
materai,
matiin,
matirasa,
matre,
matrial,
mauu,
mawaddah,
max,
maxim,
maximal,
maxsim,
maya,
mbakingnya,
mbaku,
mbangking,
mbayar,
mbca,
mbeneh,
mbl,
mbokne,
mc,
mci,
mcm,
mdta,
medion,
meertua,
mehoong,
mejikom,
meker,
melaikn,
melakah,
melakukanya,
melamuj,
melhtnya,
melownya,
melupkn,
melupknnya,
memaafkany,
memaapkan,
memafkan,
memahaminya,
memamerkan,
membales,
membangdingkan,
membantuu,
memberitahu,
membersamai,
membludak,
membngun,
membooster,
membri,
membully,
memding,
mememinjam,
memengaruhi,
memenuhin,
memerintahkan,
meminjamkan,
memng,
memperhatinkan,
mempertahanin,
mempertahankn,
mempertebal,
memungkinkn,
memunyunkan,
menafkahin,
menangisi,
menautkan,
mencet,
menckpi,
mendapatt,
mendaptkn,
mendem,
mendengr,
mendiamkn,
mendiemkan,
mendoakn,
mendumel,
mendzolimi,
menelantarkan,
menemui,
menemukan,
menenangkan,
menentukan,
menepati,
meneruskan,
menetaskan,
meneteskan,
mengahadapi,
mengalahh,
mengandlkan,
mengangu,
mengatasnamakan,
mengcover,
mengecewakan,
mengembalikan,
mengesampingkan,
mengetahuinya,
mengganggap,
mengganggapku,
menggangu,
menghalu,
menghatui,
menghawatirkan,
menghianati,
menghrpkn,
menghubgi,
mengijinkan,
mengimingi,
mengint,
mengirimkan,
mengkwatirkn,
mengontek,
mengorbankan,
mengsuport,
menguasai,
menguatkan,
mengukuti,
menimbulkan,
meningal,
meningg,
meninggl,
meningglkn,
meningkatkan,
menitasku,
menitipkan,
menjabah,
menjada,
menjalni,
menjelk,
menlpon,
menrma,
menrt,
mentalhealth,
mentingin,
mentingkangkan,
menuhi,
menuhin,
menurt,
menyakitkn,
menyalahkn,
menyambungkan,
menyanggupi,
menyarankan,
menyatukan,
menyayangi,
menyayangimu,
menyayanginya,
menyebabkan,
menyebalkan,
menyediakan,
menyelesaikan,
menyenangkan,
menyepelekan,
menyerahh,
menyerahkan,
menyesali,
menyetujui,
menyibukkan,
menyikapin,
menyimpulkan,
menyingung,
menyisihkn,
menyombongkan,
menyukai,
mepertahan,
merasakahn,
merasakam,
merasakann,
merasakn,
merauke,
merekaa,
mergokin,
mergokon,
merhatiin,
merja,
mertahanin,
mesjid,
meskpun,
mesrah,
mess,
messenger,
metic,
meyadari,
meyalahkan,
meyalakan,
meyapu,
meyelamtkan,
meyeselaikan,
mggu,
mghasilkan,
mghrgai,
mgkn,
mgusahakan,
mh,
mhal,
mhn,
mhon,
michat,
micin,
microginon,
mid,
mijem,
mijet,
mijetin,
mijitin,
mikiran,
mikirn,
mikirr,
milenial,
milliar,
mimpiin,
mimpiny,
minadzolimin,
minang,
mind,
minded,
mindset,
mingat,
mingung,
minjami,
minjamnya,
minjeman,
minml,
minn,
mintaa,
mintaaa,
mintaaaf,
mintain,
mintk,
mintol,
mirissssss,
misah,
misk,
mislkn,
miss,
miswa,
mita,
mitrabukalapak,
mitsubishi,
mix,
mjd,
mjikn,
mk,
mka,
mkakann,
mkanan,
mkanya,
mkasih,
mkasiih,
mkikirn,
mkir,
mkirin,
mkirnya,
mklm,
mknana,
mknnnya,
mknya,
mkr,
mksa,
mksd,
mksdku,
mksdnya,
mksh,
mksih,
mksihygudhberikomentar,
mksud,
mksutq,
mlakukan,
mlam,
mlanjut,
mlas,
mlawan,
mlbihi,
mlindungi,
mlkukan,
mln,
mlu,
mma,
mmanusia,
mmbaca,
mmbcarakan,
mmbela,
mmbelaku,
mmberi,
mmberikan,
mmbersamai,
mmbicarakan,
mmblas,
mmblikan,
mmbmtu,
mmbuat,
mmbujuk,
mmbutuhkan,
mmer,
mmh,
mminta,
mmliki,
mmlki,
mmng,
mmpermasalahkan,
mmsih,
mmtuskan,
mnanggung,
mncari,
mnceraikan,
mnceritakan,
mncintai,
mncoba,
mncukupi,
mndalm,
mndampingi,
mnderita,
mnderitaa,
mndi,
mndiang,
mnding,
mndngar,
mnentang,
mnerima,
mngalamii,
mngandalkn,
mngdu,
mngeluh,
mngerti,
mnggil,
mnggntikan,
mnggu,
mngguan,
mnghadapi,
mnghapus,
mnghindari,
mngkn,
mngorbankan,
mngucapkan,
mngurus,
mngusik,
mngusir,
mnimal,
mninggl,
mnit,
mnja,
mnjaga,
mnjalani,
mnjalankan,
mnjamin,
mnjauh,
mnjauhi,
mnjdi,
mnjem,
mnjm,
mnjual,
mnkh,
mnkn,
mnlf,
mnnti,
mnolak,
mnrut,
mntang,
mntk,
mntn,
mntng,
mntu,
mnum,
mnurt,
mnusia,
mnutup,
mnutupi,
mnyakitkan,
mnyimpan,
mnyusahkn,
mnyusui,
mobile,
mobilegend,
mobill,
modalin,
modelny,
modelx,
mojar,
mojokin,
mokondo,
moment,
momongin,
moms,
mon,
mondar,
mondr,
monetisasi,
monggo,
montor,
montr,
morotin,
mosok,
mosting,
motong,
motorna,
move,
moveon,
mpasi,
mrh,
mriang,
mrnabung,
mrs,
mrsa,
mrt,
mrubah,
msalahnya,
mseksi,
mshsehat,
msi,
msing,
msk,
mskan,
mskn,
mslah,
mslahin,
msukannya,
msukin,
mt,
mta,
mter,
mtk,
mtor,
muaj,
muasal,
muasin,
mubin,
much,
mudeng,
mudh,
muhammadur,
muji,
mukaa,
mukulin,
mulay,
muludan,
mulute,
muluuuuuu,
munta,
murotal,
musthil,
musti,
musuhin,
mutar,
muteri,
muterin,
mutus,
mwu,
mya,
naaah,
naaambah,
naah,
nabrak,
naek,
naffkahin,
nafka,
nafkhin,
nagadepinnya,
naget,
nagis,
nahh,
nahhh,
naikin,
najisss,
naksir,
nalangin,
namana,
namany,
nambahin,
nambal,
nambel,
namnya,
nampar,
nampung,
namul,
nanam,
nandingin,
nanem,
nanganin,
nangapin,
nanggapin,
nanggepin,
nanggis,
nangisin,
nangiss,
nangisss,
nanno,
nano,
nantang,
nantangin,
nanyaa,
nanyakin,
nanyapun,
nanyin,
napaa,
napkah,
napsu,
narcissist,
narek,
narik,
narkoba,
naro,
narsistik,
naruh,
nasgor,
nasip,
nasir,
natap,
nauzubillah,
nawari,
nb,
ndableknya,
ndk,
nduk,
ndx,
nebas,
nebus,
nebusin,
nee,
negatip,
nego,
negor,
neh,
neken,
nekuk,
nelantarin,
nelfon,
nelfonin,
nelpon,
nelponin,
nemang,
nemanin,
nembak,
nempatin,
nempel,
nemplok,
nemuin,
nen,
nenangin,
nenenya,
nengin,
nengokin,
nenknya,
nentuin,
nepak,
nerasa,
nerimo,
nertua,
nerusin,
netep,
netes,
netizen,
new,
next,
nfkahhnya,
nfkh,
ngabatin,
ngaca,
ngaco,
ngada,
ngadain,
ngadapin,
ngade,
ngadepi,
ngadepinya,
ngaduin,
ngadumel,
ngaggur,
ngagilitik,
ngajar,
ngajuan,
ngajuin,
ngajukan,
ngakak,
ngakat,
ngakui,
ngakuin,
ngakunya,
ngalahin,
ngalami,
ngalangin,
ngalas,
ngalirnya,
ngambang,
ngambeg,
ngambilin,
ngambul,
ngampas,
ngancurin,
ngandalin,
ngandalkn,
ngandung,
ngangetin,
nganggapnya,
nganggep,
nganggepny,
nganggepnya,
nganggu,
ngangkat,
ngangur,
ngantar,
ngantarin,
ngantetin,
ngantrin,
ngantukk,
ngarang,
ngarep,
ngaret,
ngaruh,
ngash,
ngashin,
ngasig,
ngasihh,
ngasilin,
ngasu,
ngasuh,
ngasut,
ngatasi,
ngatasin,
ngaturr,
ngawasin,
ngbarin,
ngbyangin,
ngchat,
ngchatin,
ngcht,
ngck,
ngdadak,
ngdepi,
ngdepin,
ngdumel,
ngebagiin,
ngebagusin,
ngebahas,
ngebala,
ngebalikin,
ngebandingin,
ngebantu,
ngebayangin,
ngebebasin,
ngebeliin,
ngebenerin,
ngebentak,
ngeberantakin,
ngebolehin,
ngebujuk,
ngebully,
ngecas,
ngecek,
ngecer,
ngechat,
ngechatt,
ngedatangi,
ngedenger,
ngedengerin,
ngedepo,
ngedidik,
ngediem,
ngediemin,
ngedoktrin,
ngedrama,
ngedukung,
ngeduluin,
ngedumel,
ngefek,
ngefitna,
ngefitnah,
ngeganjel,
ngegas,
ngegass,
ngegendong,
ngegosip,
ngeh,
ngehadapi,
ngehamili,
ngehargai,
ngehilang,
ngehindar,
ngehubungi,
ngehubungin,
ngehujat,
ngeinbox,
ngeinginkan,
ngejanjiin,
ngejauh,
ngejauhin,
ngejawab,
ngejek,
ngejelasin,
ngejelek,
ngejelekin,
ngejemur,
ngejengukin,
ngejual,
ngejudge,
ngekang,
ngekomunikasiin,
ngekos,
ngekost,
ngelabrak,
ngeladenin,
ngelaga,
ngelahirin,
ngelak,
ngelakuin,
ngelakukan,
ngelamar,
ngelambain,
ngelamun,
ngelapor,
ngelayanin,
ngelebihin,
ngeledek,
ngeledekin,
ngelempar,
ngelepas,
ngeles,
ngelewati,
ngelewatin,
ngeliaf,
ngeliatin,
ngelihat,
ngelihatin,
ngelipet,
ngeliriknya,
ngelive,
ngelonin,
ngelrang,
ngelu,
ngeluapkan,
ngeluarkan,
ngeludah,
ngelukain,
ngelunasi,
ngelunasin,
ngelunasinnya,
ngelunjak,
ngelupain,
ngelus,
ngeluyur,
ngembaliin,
ngemodal,
ngempet,
ngenakin,
ngenalin,
ngene,
ngentengin,
ngepas,
ngepinjol,
ngepoin,
ngepres,
ngerangkul,
ngerantau,
ngeras,
ngerasainn,
ngerawatin,
ngerayain,
ngerebut,
ngerebutin,
ngerecokin,
ngeremehin,
ngerendahin,
ngerengek,
ngerepotin,
ngerespon,
ngerestuin,
ngerintis,
ngeroko,
ngerokok,
ngerongrong,
ngerqsa,
ngerty,
ngerubah,
ngerumpi,
ngerusak,
ngeselin,
ngeshare,
ngetes,
ngetik,
ngeuh,
ngewa,
ngewarung,
ngeyel,
nggaada,
nggah,
nggap,
nggausah,
nggesek,
nggih,
nggulung,
nggur,
ngidam,
ngide,
ngidupin,
ngigau,
ngigo,
ngijak,
ngijinin,
ngiklasin,
ngikut,
ngikutin,
ngilangin,
ngiler,
nginab,
ngingetin,
nginjak,
nginjekin,
ngintilin,
ngintip,
ngiranya,
ngiringi,
ngirm,
ngisi,
ngizinin,
ngjak,
ngjar,
ngjk,
ngjsin,
ngjual,
ngkrong,
ngladenin,
nglamin,
nglarang,
nglawan,
nglayani,
ngledek,
ngluarin,
nglunjak,
ngmbeg,
ngmbil,
ngmbilin,
ngmel,
ngmgin,
ngmgnya,
ngmongin,
ngnterin,
ngntrak,
ngntrk,
ngobati,
ngobatin,
ngobrolin,
ngobrolkn,
ngoceh,
ngojeg,
ngojol,
ngomelin,
ngomng,
ngomo,
ngomomgin,
ngomongi,
ngomporin,
ngontak,
ngontek,
ngontrol,
ngopeni,
ngopi,
ngorbanin,
ngotak,
ngotot,
ngpain,
ngpel,
ngrampok,
ngrantau,
ngrantu,
ngrasain,
ngrawat,
ngrayain,
ngrbus,
ngrepotin,
ngrim,
ngrjain,
ngrongrong,
ngrs,
ngrsa,
ngruh,
ngrus,
ngrusi,
ngsi,
ngtain,
ngtasinya,
nguap,
nguber,
ngucapin,
ngucur,
ngulangi,
ngulangin,
ngumbarin,
ngumpet,
ngumpetin,
ngunci,
ngundang,
ngunduh,
ngungkit,
ngunyah,
ngupas,
nguping,
ngurangi,
ngurangin,
nguras,
ngurung,
ngurusi,
ngusahain,
ngusik,
ngutamain,
nh,
niatanan,
nich,
nicil,
nie,
nii,
nikh,
nikmal,
nikmatin,
nimba,
ningalin,
ninggal,
nip,
nipu,
niru,
nitif,
nitipin,
nkh,
nlp,
nlpon,
nm,
nma,
nmbah,
nmbh,
nmbok,
nmenin,
nmer,
nmmya,
nmor,
nmorku,
nmpang,
nmr,
nmuin,
nmun,
nni,
nnknya,
nnt,
nntik,
nntiny,
nntn,
nnton,
nnyain,
nolong,
nolongin,
nombok,
nonaktikan,
nong,
nongki,
nonis,
nontonin,
notabennya,
note,
notif,
nov,
novi,
nraktir,
ntahh,
ntet,
nth,
nuker,
nukerin,
nular,
num,
numayan,
numpak,
numpangternyata,
nunda,
nunduk,
nundukin,
nungagk,
nunggak,
nunggakk,
nunjukin,
nunung,
nurni,
nursing,
nurunin,
nurutin,
nuti,
nutupi,
nyadar,
nyadarin,
nyahh,
nyahin,
nyahuttt,
nyairin,
nyakin,
nyakiti,
nyakn,
nyalahkan,
nyalon,
nyambi,
nyamn,
nyampek,
nyamperin,
nyangka,
nyanguin,
nyantai,
nyantet,
nyantol,
nyariin,
nyasi,
nyatok,
nyatu,
nyaut,
nyautin,
nybun,
nyebarin,
nyebelin,
nyekek,
nyekolahin,
nyelamatin,
nyelesain,
nyeletuk,
nyelipkan,
nyelonong,
nyembah,
nyembh,
nyembunyiin,
nyemil,
nyempetin,
nyemprot,
nyenengin,
nyengat,
nyenggol,
nyeningin,
nyentuh,
nyenyenye,
nyepam,
nyepelein,
nyerang,
nyeritain,
nyesak,
nyesal,
nyeseg,
nyet,
nyetir,
nyetok,
nyetorin,
nyetrika,
nyetrikain,
nyewa,
nyhh,
nyicip,
nyikapi,
nyikapin,
nyikati,
nyiksa,
nyimpan,
nyimpannya,
nyinggung,
nyiptain,
nyisa,
nyisihin,
nyisihkan,
nyoba,
nyokap,
nyolek,
nyolot,
nyomot,
nyri,
nyruh,
nytanya,
nyuapain,
nyuciin,
nyuekin,
nyukupin,
nyukupinlah,
nyumbang,
nyumpahin,
nyupir,
nyur,
nyusu,
nyusuin,
nyusun,
nywa,
oanen,
ob,
obatin,
obgy,
obt,
odb,
oedagang,
oengalaman,
oerempuan,
oermh,
oernh,
of,
off,
ohh,
ohiya,
ohya,
oia,
oiya,
okay,
olehh,
olh,
oln,
omng,
omonganya,
omongn,
omongonnya,
omonngan,
one,
ongkirnya,
onlane,
onlen,
onln,
ontime,
oo,
oom,
oon,
ooppps,
op,
oprasi,
optimistik,
oraang,
orag,
orange,
orangg,
orangny,
orath,
organya,
orglain,
orgny,
orgtuany,
orkay,
ornag,
orngtua,
orngyna,
ortuaya,
ortuny,
ortuq,
ortuu,
otakx,
otpit,
otw,
oun,
ounya,
out,
outfit,
overqualified,
overthingking,
owh,
owner,
owwh,
pacarn,
padahl,
padnhal,
pager,
paitin,
pajero,
pakean,
pakein,
pakek,
paklek,
pakmer,
paksuami,
paksuu,
paktor,
palembang,
pam,
pamajikan,
pamanya,
pamerr,
pampes,
panasin,
pand,
panda,
panjg,
papagan,
papua,
paraaah,
paracetamol,
paranin,
parent,
parenting,
parno,
parsel,
part,
pasa,
pasanganya,
pasangin,
pasca,
pasea,
pass,
pastiin,
pasutri,
patriaki,
patriakri,
pautin,
paylater,
pbi,
pcar,
pcaran,
pcr,
pcrku,
pcrn,
pcx,
pdahl,
pdes,
pdgng,
pdh,
pdktan,
pduli,
pea,
pecahsurat,
pedahal,
pedangang,
pedes,
peduliin,
pegangin,
peggang,
pegngn,
pejuangrupiah,
pekerjaany,
pekerjan,
pelaku,
pelembab,
pelihran,
peliit,
pelitt,
pelnggaran,
pemahaman,
pemakaian,
pemasangan,
pembelajaran,
pemeriksaan,
pemerkosaan,
pemikirkan,
pemorsian,
pemotongan,
pemulihan,
penampilanku,
penampilannya,
pendapatny,
pendat,
pendem,
pendiem,
penebalan,
penerimaan,
pengakit,
pengalamanya,
pengalamn,
penganurr,
pengehasilan,
pengeluaranya,
pengembalian,
pengertiaannya,
pengertiann,
pengertianya,
pengesahan,
penghianatan,
pengiriman,
pengorbanan,
pengorbanann,
pengorbanannya,
pengwn,
penindasan,
peninggalan,
penipuan,
penjelasanya,
pentingin,
penyakitan,
penyelesaiannya,
penyesalan,
pepsodent,
perangat,
perbaikin,
perbulanya,
percerayan,
perduliin,
perekenomian,
perempuanya,
pergih,
perhatiin,
perhitungann,
peritungann,
perjajian,
perjlanan,
perjuangin,
perkaraangan,
perlkaukan,
perma,
permasalahankan,
permasalan,
permasalhkan,
permslhan,
perngertian,
pernikaha,
pernikhn,
pernkhan,
peroses,
perselihan,
perselisan,
persetujuan,
pertahanin,
pertahankn,
pertantingan,
pertanyaakan,
pertanyaanya,
pertma,
pertnahan,
pertngkaran,
pertnyaan,
perumpuan,
perutk,
perwiritan,
perwtan,
pete,
pgennya,
pgi,
pginya,
pgngan,
pgnhy,
phisik,
phk,
photo,
php,
pigi,
pigii,
piinda,
pijitin,
pikirin,
pikirn,
pilihin,
pindahh,
pindahin,
pindangnnya,
ping,
pingang,
pinjamduit,
pinjamin,
pinjeman,
pinjemin,
pinjemmin,
pinjen,
piral,
pirasat,
pisa,
pisahin,
pjg,
pjnjm,
pkein,
pkerjaan,
pkiran,
pkknya,
pkl,
pkm,
pko,
pkrjaan,
pksa,
pksu,
pkulin,
plajaran,
plakor,
planga,
plat,
play,
playboy,
playing,
playingvictim,
please,
plihan,
pliiis,
pliiss,
plis,
plisss,
pln,
plongo,
plosok,
pls,
pmberian,
pms,
pnagih,
pnah,
pnas,
pnasnya,
pncerahan,
pndaapt,
pndapat,
pndek,
pndidikan,
pndpt,
pnerima,
pngacara,
pngalaman,
pnggil,
pnglmn,
pngnya,
pninggalan,
pnjang,
pnjg,
pnjm,
pnjman,
pnjmin,
pnjng,
pnm,
pnrima,
pnsarn,
pntatnya,
pntes,
pntesan,
pntng,
poatingan,
point,
pojokaan,
pojokin,
pokoke,
pokusnya,
polisih,
poll,
polres,
polsek,
pom,
pontang,
porotin,
post,
posyandu,
poto,
pov,
powerbank,
powl,
poya,
ppa,
pppg,
pr,
practamol,
praktek,
prang,
prank,
prasaanku,
prasaanya,
prbdi,
prcaya,
prceraian,
prcintaan,
prcuma,
prcya,
preloved,
prempuan,
prengat,
prengut,
prepaid,
prepare,
presekuensi,
preser,
prettt,
pretttt,
prg,
prhatian,
prhitungan,
priaaa,
prihal,
priksa,
prilaku,
priotaskan,
prisip,
privacy,
prjlanan,
prjlnn,
prjuangn,
prjvsi,
prkara,
prlhn,
prlngkpn,
prlu,
prmasalahan,
prmslhn,
prngalaman,
prnikahan,
prnikhan,
prnkhn,
prnkhnku,
prohe,
project,
propil,
proyekn,
prpisahan,
prputaran,
prsaan,
prsis,
prsoalan,
prtikain,
prtma,
prtmaku,
pruduk,
ps,
psangan,
psangn,
psar,
psg,
psikotest,
psngn,
pst,
psti,
ptahkn,
ptong,
ptugas,
ptus,
puasin,
public,
pukulin,
pulak,
pulangin,
pulangkn,
pulangnkerumah,
pumutih,
puncknya,
punn,
punyaa,
punyak,
pup,
push,
pusingbgt,
pusingin,
puskemas,
puskes,
putihh,
putis,
putusin,
putusss,
puya,
pvc,
pwrmah,
py,
pya,
qajib,
qanaah,
qarun,
qk,
qloo,
qm,
qodarullah,
qodharullah,
qt,
quarter,
quote,
qur,
rabbal,
raguu,
rajet,
ramadhan,
rameh,
random,
randommnya,
ranking,
rapih,
rapot,
rasaa,
rasah,
rasain,
rasane,
rasaya,
rasayaa,
rayain,
razzaq,
rbuan,
read,
ready,
realita,
realitanya,
recokin,
recomend,
recovery,
redflag,
reflex,
rega,
reganya,
reht,
rejki,
rekomendasiin,
relationship,
renacana,
rendahin,
rendahinnnn,
renternir,
repeat,
repotin,
request,
rersisa,
rese,
resleting,
respect,
respond,
resto,
review,
reward,
rewell,
rezeky,
rezeqi,
rezki,
rezkiku,
rhoma,
ributin,
ributt,
ridho,
ridhoi,
rido,
rincian,
ringanin,
risen,
risgn,
risol,
river,
rizki,
rjeki,
rmah,
rmhny,
rmhtangganya,
rmhtngga,
rnjng,
ro,
roang,
robbal,
rokaat,
roller,
romatis,
roommate,
roooobb,
royall,
royco,
rp,
rsj,
rsnya,
rsnyhh,
rsud,
rts,
ruah,
rubes,
ruko,
ruma,
rumahh,
rumahmnya,
rumahny,
rumahsakit,
rumahtangga,
run,
rundingkat,
rungsing,
ruqiah,
rutinitas,
rw,
rwel,
rzkinya,
saaya,
sabaaar,
sabaar,
sabaarin,
sabarin,
sabegai,
sabetunya,
sadiqul,
saha,
sahwi,
sajaa,
sajah,
sajh,
sakiitt,
sakin,
sakir,
sakitin,
sakitn,
sakitt,
sakittt,
saklar,
sakt,
salahkn,
salalu,
salama,
salamin,
sales,
salh,
salting,
salud,
samaa,
samain,
samawa,
sambel,
samber,
sambungny,
sampee,
sampein,
samperin,
samsek,
sanah,
sangatt,
sanggu,
sanggub,
sanggupin,
sanh,
sankin,
sanyo,
saptu,
sapuin,
sapuyuh,
saranin,
sarannyaa,
saranx,
sariawan,
sarina,
saudaramya,
saudaraq,
saudra,
saw,
sayaa,
sayaiklas,
sayyidina,
sbagai,
sbagian,
sbalik,
sbar,
sbb,
sbelah,
sbelumnya,
sbencanda,
sbenernya,
sbentar,
sberapa,
sbgi,
sbgian,
sbgtu,
sblah,
sblhan,
sblhn,
sblmny,
sbln,
sblu,
sblum,
sblumny,
sblumnya,
sbner,
sbnernya,
sbnrnyalah,
sbnrya,
sbntar,
sbntr,
sbr,
sbrpa,
sbtu,
sbulan,
sbuln,
scan,
scara,
schedule,
school,
scool,
scra,
screen,
screenshot,
scroll,
sdang,
sdangkan,
sdengkn,
sdg,
sdgng,
sdih,
sdit,
sdkan,
sdkit,
sdkt,
sdng,
sdngkn,
sdr,
sdra,
sdraku,
sdri,
sdrian,
seabank,
seabenk,
seadany,
search,
seauaikan,
sebaerkan,
sebarin,
sebarluaskan,
sebelahn,
sebelll,
sebelom,
sebelomnya,
sebenernyaa,
seberisi,
seberjuang,
seberkan,
seberuntung,
seblak,
seblh,
seblm,
sebntar,
sebnyak,
sebrang,
sebrpa,
sebucin,
sebulanya,
sebutin,
second,
security,
sedamgkan,
sedangakn,
sedangjan,
sedangkn,
sedeket,
sedihh,
sediih,
sediihh,
sediiih,
sedikasih,
sedkit,
sedngkan,
sedngkn,
sefeekuensi,
segaja,
segeen,
segingga,
segtunya,
sehorang,
sehrusnya,
sejut,
sekarangg,
sekarng,
sekli,
sekndung,
sekolahin,
sekolh,
sekrang,
sekrg,
selaluu,
selamet,
selametan,
selfi,
seligkuh,
selikuhin,
selingki,
selingkuhanny,
selingkuhii,
selingkuhin,
sellu,
sellunya,
selma,
selnjutnya,
selow,
selsein,
semalamn,
semalem,
semalemnya,
semangatbyuk,
semangkin,
sembunyiin,
semendalam,
sementra,
semenyenangkan,
semggu,
semimggu,
semngkin,
semngt,
semnjak,
sempel,
sempt,
semptember,
semuaa,
semuaaa,
semuanyaa,
semuanyaaa,
semuaorang,
semuasemoga,
sendrian,
sengajaa,
sengajanyebut,
sengak,
sengertinya,
sengkt,
senjn,
sensi,
seoeang,
seorng,
separo,
sepatah,
sepelein,
sepemahaman,
seperjuangan,
seperrti,
sepiii,
seport,
seprti,
serahin,
serame,
serbang,
serett,
seringkali,
seriusbertanya,
seriusin,
sermh,
sertfikasi,
sertikat,
serumh,
service,
servicenya,
sesayg,
seseorng,
sesimple,
sessakit,
sessuka,
setabil,
setatus,
setebal,
setelh,
setengh,
seterah,
setiaap,
setiab,
setiappppp,
setlh,
setoranya,
setrees,
setress,
sewain,
sexi,
sexless,
sexsy,
sexualitas,
sfrti,
sgala,
sggup,
sgini,
sgla,
sgm,
sgni,
sgt,
sgtu,
sgtuu,
sh,
sha,
shap,
share,
sharecing,
sharga,
shari,
shat,
she,
shearing,
shering,
shi,
shift,
shlat,
shm,
shock,
shok,
sholawat,
sholeh,
sholehan,
sholli,
shopefood,
shopepay,
shoppepaylater,
shorum,
shot,
shr,
shri,
shrusnya,
shubuh,
siadek,
siadik,
siapaaaa,
siapalg,
siapatau,
siapin,
sibagiin,
sibapak,
sibgkat,
sibpk,
sicewk,
sich,
sidak,
sie,
siff,
sift,
signess,
sii,
siih,
sikaf,
sikon,
silahturahmi,
silaturrahmi,
sim,
simpenan,
simpin,
simple,
sinawang,
sindirin,
singapur,
singgl,
singkt,
sinih,
siniii,
sinister,
sipaman,
sipelakor,
siperempuan,
sipolan,
siramin,
sirem,
sirup,
sisain,
sisuam,
sisuami,
sisuaminya,
sitetangga,
sitri,
sitter,
situh,
size,
sj,
sjaa,
sjak,
sjk,
skali,
skalian,
skaligus,
skdar,
skdr,
skedar,
skejap,
skeng,
skerang,
sketika,
skg,
skh,
skin,
skinker,
skinsrut,
skitar,
skl,
sklah,
sklali,
sklh,
skligus,
sklrga,
skmar,
skola,
skolahin,
skr,
skrngg,
skrnng,
sksd,
skt,
sktr,
slain,
slamt,
slengkangan,
slesai,
slg,
slhkan,
slidiki,
slingkuh,
sliweran,
sllai,
slm,
slmt,
slng,
slngkuh,
slow,
slowresp,
slth,
sluas,
sly,
smaa,
smaaran,
smacam,
smackdown,
smakin,
smalem,
smart,
smasdranya,
smbong,
smbrngn,
smbuh,
smbung,
smbunyi,
smbunyiin,
smejak,
smentr,
smg,
smga,
smgat,
sminggu,
smingu,
smjk,
smkin,
smkn,
smlm,
smnggu,
smnjak,
smnjk,
smntara,
smntra,
smoga,
smoothing,
smpat,
smpek,
smper,
smpet,
smpi,
smping,
smpt,
smpy,
smrg,
sms,
smuaa,
snack,
sndirian,
sndrian,
sne,
sng,
sngat,
snggup,
sngka,
sngt,
snorkeling,
snpe,
soalnnya,
soalnyaa,
soalya,
soan,
sob,
sodar,
sodarah,
sodra,
sodrnya,
softspoken,
solatpun,
solawatan,
soleh,
solusinyaaa,
sombonge,
songgongan,
soranya,
sory,
sosialita,
soudara,
sp,
spa,
spanjang,
sparepart,
spaya,
spaylater,
spaypinjam,
spbu,
spd,
spdnya,
speech,
speechdelay,
spekan,
spele,
speserpun,
spiker,
spikiater,
spill,
spnuh,
spog,
sprt,
sptriku,
spupuku,
spv,
spy,
spya,
srasa,
srba,
srek,
srg,
srgam,
srh,
srmemtara,
srmh,
srng,
srperti,
srtifat,
srtifikat,
srtifkiat,
sruh,
ss,
ssah,
ssebenryaa,
sseenaknya,
sskali,
ssusah,
stack,
staff,
stalking,
stanby,
stand,
standard,
statement,
statusny,
stay,
stel,
stelh,
stengah,
stengh,
stggh,
stlah,
stngh,
stnk,
stopin,
store,
story,
streaming,
streees,
strees,
streker,
stri,
strika,
strike,
stts,
sttus,
stu,
stuck,
study,
stuju,
stunting,
stupun,
styp,
suamik,
suamiki,
suamikulah,
suamikupun,
suamikuu,
suaminy,
suamiq,
suamix,
suamiya,
suapin,
subdisi,
subhanaka,
subhanallah,
sudan,
sudha,
sudih,
sudiii,
sudutin,
suga,
suguhin,
sukain,
sulaimana,
sulawesi,
sulusinya,
sumai,
sumarecon,
sumatera,
sumatra,
sumbngn,
sumer,
sumpahh,
sumpahin,
sumpaj,
sumringah,
sunda,
sunggu,
sunnah,
sunset,
superr,
supir,
suportnya,
supra,
supya,
sur,
surprise,
surt,
suru,
survival,
susa,
susahh,
sush,
susulin,
suudzon,
suwmi,
sw,
swaranya,
swata,
swdra,
swmi,
swt,
syaaaaaaaaaaa,
syang,
syariah,
syetan,
sygnya,
syng,
syokkk,
syp,
syurga,
syurny,
tab,
tablev,
taga,
taham,
tahn,
tahta,
tahunn,
take,
takot,
takt,
takutt,
takuut,
takziyah,
talangin,
talaq,
tambahin,
tambh,
tamteku,
tana,
taneman,
tangerang,
tangganku,
tanggapin,
tanggepannya,
tanggga,
tanggungjawab,
taoi,
tapiii,
tapiiii,
taqut,
targetin,
taro,
taroh,
tarsok,
taruma,
tasykuran,
taua,
taukn,
tauladan,
tautau,
tauu,
tawar,
tawaran,
tawari,
tawarkan,
tawong,
taya,
tba,
tbc,
tbngn,
tbungan,
tdak,
tdrn,
teamwork,
tegor,
tehh,
tekdung,
telahh,
telkomsel,
temanin,
temanny,
tembe,
tembelin,
tembluk,
temenan,
temenin,
temenya,
temn,
temparamen,
tempatin,
tempramen,
tempramental,
temuin,
tenangin,
tengokin,
tengtop,
tentangga,
tentram,
tergiang,
terhisap,
terjafi,
terkahir,
terkdng,
terlelah,
terllu,
terlu,
termsuk,
ternk,
terpake,
terpksa,
terulng,
terusin,
teruss,
tespek,
test,
testpack,
tetamgga,
tetanga,
tetangg,
tetengga,
tetngga,
tfi,
tg,
tgg,
tggal,
tggapannya,
tggl,
tggu,
tgn,
than,
thanks,
the,
thingking,
thinking,
this,
thnan,
thoyiban,
thr,
thrif,
thu,
thunan,
tidakenak,
tidam,
tidk,
tidka,
tidsk,
tidurin,
tigkat,
tih,
tiiap,
tiktokan,
tiktokk,
time,
tingggalkan,
tingglkn,
tingkh,
tingl,
tingll,
tinnggal,
tirimulh,
titingganya,
titipin,
tiyang,
tkt,
tktnya,
tlfn,
tlg,
tloder,
tlong,
tlpn,
tlpnin,
tlpon,
tlvn,
tman,
tmbah,
tmbh,
tmbhin,
tmen,
tmene,
tmpa,
tmpat,
tmpati,
tmpatin,
tmpatku,
tmpo,
tnah,
tngan,
tngg,
tnggal,
tnggany,
tnggaq,
tnggjwb,
tnggung,
tngn,
tnh,
tnp,
tntang,
tntng,
tnyakan,
tobrut,
todler,
tohh,
tokic,
tololin,
tolongin,
toloong,
tombokin,
tomboy,
toodler,
toolder,
toples,
totalny,
tour,
toxci,
toxix,
tpat,
tpu,
tpy,
trah,
trahir,
trail,
training,
trakhir,
tranfer,
traning,
transport,
tratement,
traveling,
trbaik,
trbyngkn,
trdekat,
treatmen,
tretmen,
trhdap,
trhdp,
tri,
triak,
triku,
trimakasi,
trimaksih,
trimksh,
triple,
trjd,
trjdi,
trjerat,
trkait,
trkdng,
trkhr,
trkjutny,
trlaksana,
trlanjur,
trlarang,
trlebih,
trlibat,
trlihat,
trllu,
trmasuk,
trmksh,
trmsk,
trmsuk,
trnyt,
tro,
trobsesi,
troma,
trouma,
trpaksa,
trpksa,
trsedia,
trstrg,
trtata,
trusss,
trutama,
trxta,
ts,
tsb,
tsbt,
tt,
ttalny,
ttap,
ttd,
tteh,
ttehnya,
ttga,
tth,
ttinggal,
ttip,
ttipin,
ttiriny,
ttntang,
ttpi,
ttup,
tuch,
tugasin,
tugasss,
tuh,
tuhh,
tuhnyuruh,
tuhun,
tujuanya,
tuker,
tukeran,
tukerin,
tulop,
tungguin,
turunin,
turutin,
tutupin,
tuu,
tuwa,
tuwek,
tw,
twrlihat,
tx,
tya,
tyap,
type,
typekal,
uangg,
uangny,
uangsllu,
uangya,
uanh,
uas,
ubun,
ubunnya,
ucapin,
udaah,
udahh,
udahin,
udan,
udeh,
udha,
udhd,
udy,
ufah,
ugal,
ujan,
ujin,
ujug,
ulangin,
uler,
ulngi,
ultra,
umkm,
ummat,
umpetin,
umroh,
umurny,
underestimate,
unfollow,
ungkapin,
ungkep,
univ,
unk,
untit,
untng,
unuh,
unur,
update,
upgrade,
upload,
urineny,
urusin,
usaaha,
usahain,
ush,
ushanya,
usiaqu,
ustadz,
ustadzah,
utak,
utamg,
utangin,
utg,
uti,
utkku,
utng,
utngnya,
uts,
utun,
uv,
uwa,
validasi,
value,
vcs,
vdio,
victim,
vidcall,
videoin,
vidio,
vidioin,
view,
viral,
visa,
voleh,
waalaikum,
waan,
waduhh,
wae,
wahh,
wahyuredjo,
waiters,
wajangan,
wajr,
wakapun,
walapun,
walaupuan,
waliin,
wallet,
walo,
walohualam,
walopun,
walupun,
walwpun,
wanti,
warahmah,
warisanya,
warkop,
warkopbapakemaknya,
warrohmah,
warteg,
wasallam,
wassalam,
wassalamu,
watir,
watshap,
wb,
wdh,
website,
weeeeewwww,
weekend,
weeks,
welcome,
wes,
whatsapp,
whtsap,
wifian,
wih,
wjh,
wjibkan,
wkwk,
wkwkk,
wkwkwk,
wkwkwkk,
wlapun,
wlau,
wlaupn,
wlo,
wlopun,
wlpun,
wlupun,
wlw,
wlwpun,
workaholic,
working,
workshop,
worry,
woyyy,
wr,
wrb,
wrung,
ws,
wtf,
wujudin,
xan,
xausd,
xl,
xx,
yaaaaa,
yaah,
yaampun,
yabaki,
yabun,
yahh,
yakali,
yakult,
yallah,
yangg,
yank,
yap,
yarob,
yasudah,
yauda,
ydh,
yee,
yeeekaaan,
yerselesaikan,
yerus,
ygplihksihantra,
ygudah,
ygvskrng,
yha,
yibu,
yk,
yll,
yo,
yok,
yomot,
youtube,
yt,
yukk,
yunus,
yuruh,
yusuf,
yutu,
yutub,
zalik,
zam,
zhaolusi,
zholim,
zmn,
zolim,
zolimin,
zonk,
zonkkk,